id,value
flare,
flare.analytics,
flare.analytics.cluster,
flare.analytics.cluster.AgglomerativeCluster,3938
flare.analytics.cluster.CommunityStructure,3812
flare.analytics.cluster.HierarchicalCluster,6714
flare.analytics.cluster.MergeEdge,743
flare.analytics.graph,
flare.analytics.graph.BetweennessCentrality,3534
flare.analytics.graph.LinkDistance,5731
flare.analytics.graph.MaxFlowMinCut,7840
flare.analytics.graph.ShortestPaths,5914
flare.analytics.graph.SpanningTree,3416
flare.analytics.optimization,
flare.analytics.optimization.AspectRatioBanker,7074
flare.animate,
flare.animate.Easing,17010
flare.animate.FunctionSequence,5842
flare.animate.interpolate,
flare.animate.interpolate.ArrayInterpolator,1983
flare.animate.interpolate.ColorInterpolator,2047
flare.animate.interpolate.DateInterpolator,1375
flare.animate.interpolate.Interpolator,8746
flare.animate.interpolate.MatrixInterpolator,2202
flare.animate.interpolate.NumberInterpolator,1382
flare.animate.interpolate.ObjectInterpolator,1629
flare.animate.interpolate.PointInterpolator,1675
flare.animate.interpolate.RectangleInterpolator,2042
flare.animate.ISchedulable,1041
flare.animate.Parallel,5176
flare.animate.Pause,449
flare.animate.Scheduler,5593
flare.animate.Sequence,5534
flare.animate.Transition,9201
flare.animate.Transitioner,19975
flare.animate.TransitionEvent,1116
flare.animate.Tween,6006
