ID	Location	SampleDate	Food1	Food2	Food3	Food4
CGT1540	Virginia	2021-02-01		Chocolate	Celery	Ricotta
CGT1579	Kansas	2021-04-22	Chocolate	Cheese dip	Eggs	Pears
CGT1624	Maryland	2021-02-01	Queso Fresco		Chocolate	Greek Salad
CGT1627	Virginia	2021-03-19		Pastrami	Chocolate cookies	Queso Fresco 	
CGT1632	Virginia	2021-02-06	Chocolate			Greek Salad
CGT1681	Alabama	2021-02-10	Jalapeno		Avocado	Deli sandwich
CGT1687	New York	2021-01-31	Onions	Pastrami	Queso Fresco	Avocado
CGT1700	New York	2021-02-05	Avocado	Queso Fresco 	Eggs	Pastrami
CGT1714	Maryland	2021-01-28	Pears	Avocado	Eggs	Deli sandwich
CGT1729	New York	2021-04-04	Jalapeno		Queso Fresco	
CGT1743	Virginia	2021-04-02	Onions	Cream Cheese	Jalapeno	
CGT1746	Kansas	2021-02-04	Jalapeno	Onions		Apples
CGT1756	New York	2021-03-10	Cream Cheese	Pastrami	Avocado	Queso Fresco
CGT1771	Ohio	2021-05-10	Deli sandwich	Celery	Salsa	Jalapeno
CGT1782	Maryland	2021-03-16	Eggs	Cream Cheese		Pastrami
CGT1784	Alabama	2021-06-09	Avocado		Chocolate	Chicken wings
CGT1805	Virginia	2021-03-01	Chocolate cookies	Avocado	Jalapeno	Chocolate
CGT1832	New York	2021-02-10	Chocolate cookies	Cream Cheese	Onions	Jalapeno
CGT1852	Virginia	2021-03-31	Avocado	Celery	Chicken wings	Chocolate
CGT1863	Virginia	2020-11-06	Chocolate	Spinach	Apples	Pastrami
CGT1877	Kansas	2021-04-05	Pears	Salsa	Cheesecake	Celery
CGT1921	Maryland	2021-01-23	Pears		Avocado	Eggs
CGT1938	Kansas	2020-12-10	Chocolate cookies			Chicken wings
CGT1939	Maryland	2021-02-13	Apples		Eggs	Pastrami
CGT1965	Virginia	2021-05-27		Cheesecake	Salsa	Eggs
CGT1982	Virginia	2020-11-30	Chocolate	Chicken wings	Chocolate cookies	Cheese dip
CGT1987	Virginia	2021-03-11	Jalapeno	Queso Fresco	Chocolate	
CGT1989	Virginia	2021-06-18		Salsa		Jalapeno
CGT1005	Virginia	2021-04-05		Celery	Pastrami	
CGT1029	Maryland	2021-03-06	Avocado	Cream Cheese		Chocolate cookies
CGT1061	Maryland	2020-12-07	Avocado	Eggs	Onions	Pastrami
CGT1089	Ohio	2021-05-06	Chocolate	Cheese dip	Chocolate cookies	Chicken wings
CGT1111	Maryland	2021-02-06	Queso Fresco	Cream Cheese		
CGT1112	Maryland	2021-04-23	Avocado	Cheesecake	Spinach	Pastrami
CGT1113	New York	2021-03-10	Cream Cheese	Pastrami	Queso Fresco	
CGT1121	New York	2021-03-15	Chocolate	Cream Cheese	Jalapeno	
CGT1135	Ohio	2021-01-25	Apples		Chocolate cookies	Chocolate
CGT1144	Maryland	2021-02-12		Cream Cheese	Eggs	Onions
CGT1150	Maryland	2021-06-02	Chocolate	Pastrami	Spinach	Cheese dip
CGT1176	Virginia	2020-12-23	Eggs	Apples	Chocolate	Jalapeno
CGT1225	Kansas	2021-04-03	Chocolate	Pears	Spinach	Cheese dip
CGT1239	Maryland	2021-02-14	Chocolate cookies	Pastrami	Greek Salad	Chocolate
CGT1261	Virginia	2020-11-23	Apples	Jalapeno	Onions	Eggs
CGT1288	Maryland	2021-03-14	Chocolate cookies	Greek Salad 		
CGT1376	Maryland	2021-03-15	Cheese dip	Queso Fresco		Pastrami
CGT1393	South Carolina	2021-05-14	Pears	Celery		
CGT1426	Alabama	2020-11-21	Cheese dip	Chocolate	Spinach	Jalapeno
CGT1510	South Carolina	2021-01-29	Chicken wings	Avocado		Eggs
CGT1512	Alabama	2020-12-18	Pastrami	Avocado	Chocolate cookies	Onions
CGT1521	Virginia	2021-04-05	Cream Cheese	Greek Salad	Queso Fresco	
